{"config": {"maxpool_percentage": [0.01, 1.0, 5.0], "learning_rate": [0.0045960276865210535, 0.0014527865261960147, 0.004812395017114787], "nfilter": [3, 3, 3]}, "n_classes": 2}