{"config": {"maxpool_percentage": [0.5, 1, 0.5, 1, 0.5, 1, 0.5, 1, 0.5, 1, 0.5, 1, 0.5, 1, 0.5], "learning_rate": [0.001040116385729111, 0.001594880901400537, 0.002067512050144772, 0.006536321174014165, 0.0018002762775529693, 0.004127192645446869, 0.006480428839966384, 0.006486630394861162, 0.001684566173993418, 0.001391385376848764, 0.0013409442063413194, 0.0024109145083808267, 0.0015167837544541587, 0.003940294870898819, 0.0021851438089710716], "nfilter": [9, 3, 3, 5, 9, 5, 3, 9, 6, 7, 3, 3, 4, 5, 5]}, "n_classes": 2}